district,schoolName,schoolAddress,medianResult,unit,lead,status,city,county,latitude,longitude
Tulare Joint Union High,Countryside Community Day,1084 South Pratt Street Tulare CA 93274-6303,NA,NA,FALSE,tested,NA,Tulare County,36.189193,-119.357759
Tulare Joint Union High,Mission Oak High,3442 East Bardsley Avenue Tulare CA 93274-6148,NA,NA,FALSE,tested,NA,Tulare County,36.198836,-119.298979
Tulare Joint Union High,Sierra Vista Charter High,351 North K Street Tulare CA 93274-4007,NA,NA,FALSE,tested,NA,Tulare County,36.211171,-119.346999
Tulare Joint Union High,Tulare Adult Education,575 West Maple Tulare CA 93274-2606,NA,NA,FALSE,tested,Tulare,Tulare County,36.214239,-119.359062
Tulare Joint Union High,Tulare Technical Preparatory High,737 West Bardsley Avenue Tulare CA 93274-5005,NA,NA,FALSE,tested,NA,Tulare County,36.195939,-119.357121
Tulare Joint Union High,Tulare Union High,755 East Tulare Avenue Tulare CA 93274-4353,NA,NA,FALSE,tested,NA,Tulare County,36.208408,-119.338013
Tulare Joint Union High,Tulare Western High,824 West Maple Avenue Tulare CA 93274-2699,NA,NA,FALSE,tested,NA,Tulare County,36.215867,-119.359608
