district,schoolName,schoolAddress,medianResult,unit,lead,status,city,county,latitude,longitude,maxResult
Private,A Better Chance / California Autism Foundation,4138 Lakeside Drive Richmond CA 94806,,,False,tested,Richmond,Contra Costa County,37.988787,-122.32888,
Acalanes Union High,Acalanes Adult Education Center,1963 Tice Valley Boulevard Walnut Creek CA 94595-2201,,,,not tested,,Contra Costa County,37.87725,-122.073346,
Acalanes Union High,Acalanes Center for Independent Study,1963 Tice Valley Boulevard Walnut Creek CA 94595-2201,,,False,tested,,Contra Costa County,37.87725,-122.073346,
Acalanes Union High,Acalanes High,1200 Pleasant Hill Road Lafayette CA 94549-2623,,,False,tested,,Contra Costa County,37.904924,-122.098853,
Contra Costa County Office of Education,Acton Academy Blackhawk,3860 Blackhawk Rd Danville CA 94506,,,,not tested,,Contra Costa County,37.799487,-121.92158400000001,
Brentwood Union Elementary,Adams (J. Douglas) Middle,401 American Avenue Brentwood CA 94513-4611,,,False,tested,Brentwood,Contra Costa County,37.918003999999996,-121.758874,
San Ramon Valley Unified,Alamo Elementary,100 Wilson Road Alamo CA 94507-1253,,,False,tested,,Contra Costa County,37.866409999999995,-122.03062299999999,
Martinez Unified,Alhambra Senior High,150 E Street Martinez CA 94553-3139,,,False,tested,Martinez,Contra Costa County,38.002524,-122.133945,
Private,All My Gods Children,1900 Willow Lake Rd Discovery Bay CA 94505,,,False,tested,,Contra Costa County,37.900844,-121.59940300000001,
Oakley Union Elementary,Almond Grove Elementary,5000 Amaryllis Street Oakley CA 94561-2206,,,,not tested,,Contra Costa County,37.974818,-121.725248,
Antioch Unified,Antioch Adult,820 West Second Street Antioch CA 94509-1145,9.6,ppb,True,tested,Antioch,Contra Costa County,38.017093,-121.81667,9.6
Antioch Unified,Antioch Charter Academy,3325 Hacienda Way Antioch CA 94509-5407,,,False,tested,Antioch,Contra Costa County,37.987567,-121.826826,
Antioch Unified,Antioch Charter Academy II,1201 West Tenth Street Antioch CA 94509-1406,,,,not tested,Antioch,Contra Costa County,38.008064000000005,-121.82155300000001,
Antioch Unified,Antioch High,700 West 18th Street Antioch CA 94509-1576,,,False,tested,Antioch,Contra Costa County,38.005158,-121.815775,
Antioch Unified,Antioch Middle,1500 D Street Antioch CA 94509-2346,,,False,tested,Antioch,Contra Costa County,38.00723,-121.81013,
West Contra Costa Unified,Aspire Richmond Ca. College Preparatory Academy,3040 Hilltop Mall Road Richmond CA 94806,,,False,tested,Richmond,Contra Costa County,37.978204,-122.326753,
West Contra Costa Unified,Aspire Richmond Technology Academy,3040 Hilltop Mall Rd Richmond CA 94806,,,False,tested,Richmond,Contra Costa County,37.978204,-122.326753,
Mt. Diablo Unified,Ayers Elementary,5120 Myrtle Drive Concord CA 94521-1522,,,False,tested,Concord,Contra Costa County,37.965932,-121.959529,
Mt. Diablo Unified,Bancroft Elementary,2200 Parish Drive Walnut Creek CA 94598-1524,,,False,tested,,Contra Costa County,37.929924,-122.035279,
West Contra Costa Unified,Bayview Elementary,3001 16th Street San Pablo CA 94806-2353,,,False,tested,,Contra Costa County,37.973721999999995,-122.34783,
Mt. Diablo Unified,Bel Air Elementary,663 Canal Road Bay Point CA 94565-3301,,,False,tested,,Contra Costa County,38.019455,-121.93763200000001,
San Ramon Valley Unified,Bella Vista Elementary,1050 Trumpet Vine Lane San Ramon CA 94582,,,False,tested,San Ramon,Contra Costa County,37.752031,-121.91878899999999,
Antioch Unified,Belshaw Elementary,2801 Roosevelt Lane Antioch CA 94509-5038,,,False,tested,Antioch,Contra Costa County,37.995449,-121.801249,
Antioch Unified,Bidwell Continuation High,800 Gary Avenue Antioch CA 94509-2763,,,False,tested,Antioch,Contra Costa County,37.999845,-121.793645,
Pittsburg Unified,Black Diamond High (Continuation),1131 Stoneman Avenue Pittsburg CA 94565-5466,,,False,tested,,Contra Costa County,38.003175,-121.874172,
Antioch Unified,Black Diamond Middle,4730 Sterling Hill Drive Antioch CA 94531-7673,,,False,tested,Antioch,Contra Costa County,37.970467,-121.76675,
San Ramon Valley Unified,Blue Dot Academy,12998 Hawkins Dr San Ramon CA 94583,,,,not tested,,Contra Costa County,37.748875,-121.961584,
San Ramon Valley Unified,Bollinger Canyon Elementary,2300 Talavera Drive San Ramon CA 94583-2200,,,False,tested,,Contra Costa County,37.760484000000005,-121.97036999999999,
Brentwood Union Elementary,Brentwood Elementary,200 Griffith Lane Brentwood CA 94513-1137,,,False,tested,Brentwood,Contra Costa County,37.927768,-121.706432,
Antioch Unified,Bridges,501 West 17th Street Antioch CA 94509,,,,not tested,Antioch,Contra Costa County,38.006045,-121.81268999999999,
Martinez Unified,Briones (Alternative),614 F St Martinez CA 94553-3212,,,,not tested,Martinez,Contra Costa County,38.000811999999996,-122.130703,
Walnut Creek Elementary,Buena Vista Elementary,2355 San Juan Avenue Walnut Creek CA 94597-3099,,,False,tested,,Contra Costa County,37.911512,-122.068627,
Lafayette Elementary,Burton Valley Elementary,561 Merriewood Drive Lafayette CA 94549-5507,,,,not tested,,Contra Costa County,37.863285,-122.09229099999999,
Lafayette Elementary,Burton Valley Elementary,"531 Merriewood Drive., Lafayette, CA",,,,exempt,,Contra Costa County,37.862194,-122.09166,
Contra Costa County Office of Education,Caliber: Beta Academy,4301 Berk Avenue Richmond CA 94804-4355,,,False,tested,Richmond,Contra Costa County,37.922857,-122.328978,
San Ramon Valley Unified,California High,9870 Broadmoor Drive San Ramon CA 94583-2942,,,False,tested,,Contra Costa County,37.746128000000006,-121.947352,
Mt. Diablo Unified,Cambridge Elementary,1135 Lacey Lane Concord CA 94520-4297,,,False,tested,Concord,Contra Costa County,37.954353000000005,-122.044152,
West Contra Costa Unified,Cameron,7140 Gladys Avenue El Cerrito CA 94530-3108,5.3,ppb,True,tested,,Contra Costa County,37.921665000000004,-122.30735800000001,5.3
Moraga Elementary,Camino Pablo Elementary,1111 Camino Pablo Moraga CA 94556-1898,,,False,tested,,Contra Costa County,37.822976000000004,-122.12455200000001,
Acalanes Union High,Campolindo High,300 Moraga Road Moraga CA 94556-2402,,,False,tested,,Contra Costa County,37.853918,-122.12504399999999,
Antioch Unified,Carmen Dragon Elementary,4721 Vista Grande Drive Antioch CA 94531-8619,9.7,ppb,True,tested,Antioch,Contra Costa County,37.965959999999995,-121.75460700000001,9.7
John Swett Unified,Carquinez Middle,1099 Pomona Street Crockett CA 94525-1427,,,False,tested,,Contra Costa County,38.052753,-122.21351999999999,
Contra Costa County Office of Education,Central County Special Education Programs,2964 Miranda Avenue Alamo CA 94507-1614,6.3,ppb,True,tested,,Contra Costa County,37.857959,-122.019906,6.3
West Contra Costa Unified,Cesar E. Chavez Elementary,960 17th Street Richmond CA 94801-2400,,,False,tested,Richmond,Contra Costa County,37.946296000000004,-122.353691,
San Ramon Valley Unified,Charlotte Wood Middle,600 El Capitan Drive Danville CA 94526-5000,,,False,tested,,Contra Costa County,37.80018,-121.986104,
Contra Costa County Office of Education,Clayton Valley Charter High,1101 Alberta Way Concord CA 94521-3799,,,False,tested,Concord,Contra Costa County,37.947562,-121.968368,
Mt. Diablo Unified,College Park High,201 Viking Drive Pleasant Hill CA 94523-1809,,,False,tested,,Contra Costa County,37.964453000000006,-122.07128999999999,
West Contra Costa Unified,Collins Elementary,1224 Pinole Valley Road Pinole CA 94564-1300,,,False,tested,,Contra Costa County,38.001453000000005,-122.28758799999999,
Mt. Diablo Unified,Concord High,4200 Concord Blvd. Concord CA 94521-1059,,,False,tested,Concord,Contra Costa County,37.977160999999995,-121.99117,
Contra Costa County Office of Education,Contra Costa Adult,5555 Giant Highway Richmond CA 94806-6002,,,,not tested,Richmond,Contra Costa County,37.994269,-122.352143,
Contra Costa County ROP,Contra Costa County ROP,77 Santa Barbara Road Pleasant Hill CA 94523-4215,,,,not tested,,Contra Costa County,37.935458000000004,-122.07030800000001,
Contra Costa County Office of Education,Contra Costa School of Performing Arts,2730 Mitchell Ln Walnut Creek CA 94598-1602,,,False,tested,Walnut Creek,Contra Costa County,37.930349,-122.02460900000001,
West Contra Costa Unified,Coronado Elementary,2100 Maine Avenue Richmond CA 94804-2798,,,False,tested,Richmond,Contra Costa County,37.927933,-122.34928300000001,
San Ramon Valley Unified,Country Club Elementary,7534 Blue Fox Way San Ramon CA 94583-3721,,,False,tested,,Contra Costa County,37.727953,-121.94051499999999,
San Ramon Valley Unified,Coyote Creek Elementary,8700 North Gale Ridge Road San Ramon CA 94582-5081,,,False,tested,,Contra Costa County,37.772381,-121.944236,
San Ramon Valley Unified,Creekside Elementary,6011 Massara Street Danville CA 94506-5004,,,False,tested,Danville,Contra Costa County,37.792321,-121.881254,
West Contra Costa Unified,Crespi Junior High,1121 Allview Avenue El Sobrante CA 94803-1099,,,False,tested,,Contra Costa County,37.986034000000004,-122.308025,
Mt. Diablo Unified,Crossroads High (Alternative),2701 Willow Pass Concord CA 94519-1102,,,,not tested,Concord,Contra Costa County,37.979488,-122.027795,
Antioch Unified,Dallas Ranch Middle,1401 Mount Hamilton Drive Antioch CA 94531-8518,,,False,tested,Antioch,Contra Costa County,37.967265999999995,-121.800802,
West Contra Costa Unified,De Anza High,5000 Valley View Road Richmond CA 94803-2599,,,False,tested,Richmond,Contra Costa County,37.96767,-122.28515700000001,
Antioch Unified,Deer Valley High,4700 Lone Tree Way Antioch CA 94531-8486,,,False,tested,Antioch,Contra Costa County,37.963764000000005,-121.77246000000001,
San Ramon Valley Unified,Del Amigo High (Continuation),189 Del Amigo Road Danville CA 94526-2399,25.0,ppb,True,tested,,Contra Costa County,37.826492,-122.01136299999999,25.0
Orinda Union Elementary,Del Rey Elementary,25 El Camino Moraga Orinda CA 94563-4117,9.2,ppb,True,tested,,Contra Costa County,37.846206,-122.154358,11.0
Mt. Diablo Unified,Delta View Elementary,2916 Rio Verde Pittsburg CA 94565-7641,,,False,tested,Bay Point,Contra Costa County,38.011988,-121.967156,
Oakley Union Elementary,Delta Vista Middle,4901 Frank Hengel Way Oakley CA 94561-3712,,,,not tested,,Contra Costa County,37.990899,-121.689527,
Mt. Diablo Unified,Diablo Community Day,1026 Mohr Lane Concord CA 94518-3833,,,False,tested,Concord,Contra Costa County,37.944461,-122.04485600000001,
Mt. Diablo Unified,Diablo View Middle,300 Diablo View Lane Clayton CA 94517-1600,14.0,ppb,True,tested,Clayton,Contra Costa County,37.930557,-121.92223999999999,14.0
Antioch Unified,Diablo Vista Elementary,4791 Prewett Ranch Drive Antioch CA 94531-8619,,,False,tested,Antioch,Contra Costa County,37.954682,-121.75993600000001,
San Ramon Valley Unified,Diablo Vista Middle,4100 Camino Tassajara Danville CA 94506-4700,,,False,tested,,Contra Costa County,37.799644,-121.89773000000001,
Byron Union Elementary,Discovery Bay Elementary,1700 Willow Lake Road Discovery Bay CA 94505-9375,,,,not tested,,Contra Costa County,37.901243,-121.602046,
Moraga Elementary,Donald L. Rheem Elementary,90 Laird Drive Moraga CA 94556-1407,,,False,tested,,Contra Costa County,37.856021000000005,-122.13045600000001,
San Ramon Valley Unified,Dougherty Valley High,10550 Albion Road San Ramon CA 94582-2901,,,False,tested,,Contra Costa County,37.767625,-121.902625,
West Contra Costa Unified,Dover Elementary,1871 21st Street San Pablo CA 94806-4400,,,False,tested,,Contra Costa County,37.958475,-122.349029,
Antioch Unified,Dozier-Libbey Medical High,4900 Sand Creek Road Antioch CA 94531-8680,,,False,tested,Antioch,Contra Costa County,37.948389,-121.76843899999999,
Mt. Diablo Unified,Eagle Peak Montessori,800 Hutchinson Road Walnut Creek CA 94598-4505,,,False,tested,,Contra Costa County,37.911569,-122.012047,
Contra Costa County Office of Education,East County Elementary Special Education,4207 Delta Fair Blvd. Antioch CA 94509-3944,,,False,tested,Antioch,Contra Costa County,38.003566,-121.849845,
San Ramon Valley Unified,Ed Center,699 Old Orchard Dr Danville CA 93526-4331,,,False,tested,,Contra Costa County,37.812463,-121.97718799999998,
Brentwood Union Elementary,Edna Hill Middle,140 Birch Street Brentwood CA 94513-1646,,,False,tested,Brentwood,Contra Costa County,37.931557,-121.690817,
West Contra Costa Unified,Edward M. Downer Elementary,1231 18th Street San Pablo CA 94806-4731,,,False,tested,,Contra Costa County,37.959562,-122.35131499999999,
West Contra Costa Unified,El Cerrito High,540 Ashbury Avenue El Cerrito CA 94530-3299,,,False,tested,,Contra Costa County,37.906898999999996,-122.293916,
Mt. Diablo Unified,El Dorado Middle,1750 West Street Concord CA 94521-1008,,,False,tested,Concord,Contra Costa County,37.97582,-121.992783,
Mt. Diablo Unified,El Monte Elementary,1400 Dina Drive Concord CA 94518-1222,,,False,tested,Concord,Contra Costa County,37.968859,-122.012002,
West Contra Costa Unified,Ellerhorst Elementary,3501 Pinole Valley Road Pinole CA 94564-1299,,,False,tested,,Contra Costa County,37.981439,-122.273164,
Mt. Diablo Unified,Fair Oaks Elementary,2400 Lisa Lane Pleasant Hill CA 94523-3993,,,False,tested,,Contra Costa County,37.945132,-122.052077,
West Contra Costa Unified,Fairmont Elementary,724 Kearney Street El Cerrito CA 94530-3108,,,False,tested,,Contra Costa County,37.906911,-122.304376,
Contra Costa County Office of Education,Floyd I. Marchus,2900 Avon Avenue Concord CA 94520-5404,,,False,tested,Concord,Contra Costa County,37.994848,-122.04766699999999,
Pittsburg Unified,Foothill Elementary,1200 Jensen Drive Pittsburg CA 94565-6399,,,False,tested,,Contra Costa County,37.995443,-121.87641699999999,
Mt. Diablo Unified,Foothill Middle,2775 Cedro Lane Walnut Creek CA 94598-3899,,,False,tested,,Contra Costa County,37.9215,-122.01565,
West Contra Costa Unified,Ford Elementary,2711 Maricopa Avenue Richmond CA 94804-1091,,,False,tested,,Contra Costa County,37.950676,-122.341959,
West Contra Costa Unified,Fred T. Korematsu Middle,1021 Navellier Street El Cerrito CA 94530-2691,,,False,tested,,Contra Costa County,37.91595,-122.299504,
Liberty Union High,Freedom High,1050 Neroly Road Oakley CA 94561-3843,,,,not tested,,Contra Costa County,37.983484000000004,-121.743151,
Antioch Unified,Fremont Elementary,1413 F St. Antioch CA 94509-2220,6.050000000000002,ppb,True,tested,Antioch,Contra Costa County,38.007923999999996,-121.81263100000001,6.8
San Ramon Valley Unified,Gale Ranch Middle,6400 Main Branch Road San Ramon CA 94582-5825,,,False,tested,,Contra Costa County,37.765825,-121.912947,
Brentwood Union Elementary,Garin Elementary,250 First Street Brentwood CA 94513-1610,13.0,ppb,True,tested,Brentwood,Contra Costa County,37.928876,-121.68935900000001,15.0
Mt. Diablo Unified,Gateway High (Continuation),235 Pacifica Avenue Bay Point CA 94565-2995,,,,not tested,,Contra Costa County,38.032075,-121.961473,
Oakley Union Elementary,Gehringer Elementary,100 Simoni Ranch Road Oakley CA 94561-2713,,,,not tested,Oakley,Contra Costa County,37.975273,-121.699951,
Orinda Union Elementary,Glorietta Elementary,15 Martha Road Orinda CA 94563-3558,13.0,ppb,True,tested,,Contra Costa County,37.872397,-122.16351399999999,13.0
San Ramon Valley Unified,Golden View Elementary,5025 Canyon Crest Drive San Ramon CA 94582-4848,7.5,ppb,True,tested,,Contra Costa County,37.78533,-121.943293,7.5
West Contra Costa Unified,Grant Elementary,2400 Downer Avenue Richmond CA 94804-1458,,,False,tested,Richmond,Contra Costa County,37.942889,-122.345634,
Antioch Unified,Grant Elementary,4325 Spaulding Street Antioch CA 94531-8248,,,False,tested,Antioch,Contra Costa County,37.98583,-121.76822,
San Ramon Valley Unified,Green Valley Elementary,1001 Diablo Road Danville CA 94526-1923,6.1,ppb,True,tested,,Contra Costa County,37.834731,-121.978839,6.1
San Ramon Valley Unified,Greenbrook Elementary,1475 Harlan Drive Danville CA 94526-5248,,,False,tested,,Contra Costa County,37.792249,-121.974112,
West Contra Costa Unified,Greenwood Academy,831 Chanslor Avenue Richmond CA 94801-3533,,,False,tested,Richmond,Contra Costa County,37.932545000000005,-122.36149499999999,
Mt. Diablo Unified,Gregory Gardens Elementary,1 Corritone Court Pleasant Hill CA 94523-2299,,,False,tested,Pleasant Hill,Contra Costa County,37.960652,-122.068164,
West Contra Costa Unified,Hanna Ranch Elementary,2480 Refugio Valley Road Hercules CA 94547-1553,,,False,tested,,Contra Costa County,37.995187,-122.242979,
Lafayette Elementary,Happy Valley Elementary,3855 Happy Valley Road Lafayette CA 94549-2406,,,,not tested,,Contra Costa County,37.905045,-122.141677,
Lafayette Elementary,Happy Valley Elementary,"3855 Happy Valley Rd., Lafayette, CA",,,,exempt,,Contra Costa County,37.905045,-122.141677,
West Contra Costa Unified,Harbour Way Elementary Community Day,1121 Allview Ave El Sobrante CA 94803-1054,,,,not tested,,Contra Costa County,37.986034000000004,-122.308025,
West Contra Costa Unified,Harding Elementary,7230 Fairmont Avenue El Cerrito CA 94530-3797,,,False,tested,El Cerrito,Contra Costa County,37.902781,-122.29453999999998,
Pittsburg Unified,Heights Elementary,163 Alturas Avenue Pittsburg CA 94565-5883,,,False,tested,,Contra Costa County,38.007723,-121.89698899999999,
West Contra Costa Unified,Helms Middle,2500 Road 20 San Pablo CA 94806-5010,,,False,tested,,Contra Costa County,37.963082,-122.33705,
West Contra Costa Unified,Hercules High,1900 Refugio Valley Road Hercules CA 94547-1554,,,False,tested,,Contra Costa County,38.000619,-122.255895,
West Contra Costa Unified,Hercules Middle,1900 Refugio Valley Rd Hercules CA 94547-1554,,,False,tested,,Contra Costa County,38.000619,-122.255895,
Liberty Union High,Heritage High,101 American Ave Brentwood CA 94513-4604,,,False,tested,Brentwood,Contra Costa County,37.918003999999996,-121.758874,
San Ramon Valley Unified,Hidden Hills Elementary,12995 Harcourt Way San Ramon CA 94582-2803,,,False,tested,,Contra Costa County,37.764,-121.893225,
Mt. Diablo Unified,Hidden Valley Elementary,500 Glacier Drive Martinez CA 94553-5499,,,False,tested,Martinez,Contra Costa County,37.983631,-122.088458,
West Contra Costa Unified,Highland Elementary,2829 Moyers Road Richmond CA 94806-2728,,,False,tested,Richmond,Contra Costa County,37.971754,-122.32701899999999,
Pittsburg Unified,Highlands Elementary,4141 Harbor Street Pittsburg CA 94565-6199,,,False,tested,,Contra Costa County,38.025839000000005,-121.878565,
Mt. Diablo Unified,Highlands Elementary,1326 Pennsylvania Boulevard Concord CA 94521-4103,7.1,ppb,True,tested,Concord,Contra Costa County,37.943847999999996,-121.954917,7.1
Pittsburg Unified,Hillview Junior High,333 Yosemite Drive Pittsburg CA 94565-5285,,,False,tested,,Contra Costa County,38.002691999999996,-121.888554,
Mt. Diablo Unified,Holbrook Language Academy,3333 Ronald Wy Concord CA 94519,8.9,ppb,True,tested,Concord,Contra Costa County,37.992404,-122.026669,8.9
Mt. Diablo Unified,Horizons School: Independent Study,1 Santa Barbara Road Pleasant Hill CA 94523-4496,,,,not tested,,Contra Costa County,37.935685,-122.068228,
Liberty Union High,Independence High,929 Second Street Brentwood CA 94513-1137,7.7,ppb,True,tested,Brentwood,Contra Costa County,37.938588,-121.69961699999999,12.0
Walnut Creek Elementary,Indian Valley Elementary,551 Marshall Drive Walnut Creek CA 94598-4908,,,False,tested,,Contra Costa County,37.902121,-122.033482,
San Ramon Valley Unified,Iron Horse Middle,12601 Alcosta Boulevard San Ramon CA 94583-9025,,,False,tested,,Contra Costa County,37.770467,-121.956629,
Oakley Union Elementary,Iron House Elementary,4801 Frank Hengel Way Oakley CA 94561-4617,,,,not tested,,Contra Costa County,37.997578999999995,-121.695226,
Contra Costa County Office of Education,J.A. Ovick School,120 Middlefield Court Brentwood CA 94513,,,False,tested,Brentwood,Contra Costa County,37.923902000000005,-121.685781,
Antioch Unified,Jack London Elementary,4550 Country Hills Drive Antioch CA 94531-8906,,,False,tested,Antioch,Contra Costa County,37.972228,-121.774065,
Moraga Elementary,Joaquin Moraga Intermediate,1010 Camino Pablo Moraga CA 94556-1899,,,False,tested,,Contra Costa County,37.82431,-122.130426,
San Ramon Valley Unified,John Baldwin Elementary,741 Brookside Drive Danville CA 94526-4201,,,False,tested,,Contra Costa County,37.807373999999996,-121.984351,
West Contra Costa Unified,John F. Kennedy High,4300 Cutting Boulevard Richmond CA 94804-3399,,,False,tested,Richmond,Contra Costa County,37.925431,-122.3289,
West Contra Costa Unified,John Henry High,251 South 12th Street Richmond CA 94804-2411,,,False,tested,Richmond,Contra Costa County,37.928696,-122.35811799999999,
Martinez Unified,John Muir Elementary,205 Vista Way Martinez CA 94553-4029,,,False,tested,Martinez,Contra Costa County,37.999169,-122.11958,
Martinez Unified,John Swett Elementary,4955 Alhambra Valley Road Martinez CA 94553-5707,,,False,tested,Martinez,Contra Costa County,37.963766,-122.18815500000001,
John Swett Unified,John Swett High,1098 Pomona Street Crockett CA 94525-1426,,,False,tested,,Contra Costa County,38.052753,-122.21351999999999,
West Contra Costa Unified,Kensington Elementary,90 Highland Boulevard Kensington CA 94708-1023,,,False,tested,,Contra Costa County,37.913264,-122.27870300000001,
Antioch Unified,Kimball Elementary,1310 August Way Antioch CA 94509-2402,,,False,tested,Antioch,Contra Costa County,38.008538,-121.80094799999999,
Liberty Union High,La Paloma High (Continuation),400 Ghiggeri Way Brentwood CA 94513-5314,,,False,tested,Brentwood,Contra Costa County,37.920421000000005,-121.6809,
Lafayette Elementary,Lafayette Elementary,"950 Moraga Rd., Lafayette, CA",,,,exempt,,Contra Costa County,37.88895,-122.11762399999999,
Lafayette Elementary,Lafayette Elementary,950 Moraga Road Lafayette CA 94549-4525,,,,not tested,,Contra Costa County,37.88895,-122.11762399999999,
Lafayette Elementary,Lafayette Elementary,"950 Moraga Rd., Lafayette, CA",,,,exempt,,Contra Costa County,37.88895,-122.11762399999999,
Lafayette Elementary,Lafayette Elementary,"950 Moraga Rd., Lafayette, CA",,,,exempt,,Contra Costa County,37.88895,-122.11762399999999,
Lafayette Elementary,Lafayette Elementary,"950 Moraga Rd., Lafayette, CA",,,,exempt,,Contra Costa County,37.88895,-122.11762399999999,
West Contra Costa Unified,Lake Elementary,2700 Eleventh Street San Pablo CA 94806-2298,,,False,tested,San Pablo,Contra Costa County,37.97115,-122.35351000000001,
Martinez Unified,Las Juntas Elementary,4105 Pacheco Boulevard Martinez CA 94553-2225,,,False,tested,Martinez,Contra Costa County,38.013459000000005,-122.123475,
Acalanes Union High,Las Lomas High,1460 South Main Street Walnut Creek CA 94596-5319,,,False,tested,,Contra Costa County,37.89141,-122.05773400000001,
Oakley Union Elementary,Laurel Elementary,1141 Laurel Road Oakley CA 94561-5906,,,,not tested,,Contra Costa County,37.983203,-121.71645600000001,
West Contra Costa Unified,Leadership Public Schools: Richmond,880 Bissell Avenue Richmond CA 94801-2411,,,False,tested,Richmond,Contra Costa County,37.933985,-122.36118,
San Ramon Valley Unified,Lerner Academy,143 Clover Hill Court Danville CA 94526,,,,not tested,,Contra Costa County,37.813758,-121.98304399999999,
Liberty Union High,Liberty Adult Education,929 Second Street Brentwood CA 94513-1137,,,,not tested,Brentwood,Contra Costa County,37.938588,-121.69961699999999,
Liberty Union High,Liberty High,850 Second Street Brentwood CA 94513-1132,5.5,ppb,True,tested,Brentwood,Contra Costa County,37.938588,-121.69961699999999,5.5
Contra Costa County ROP,Liberty Transitions,850 Second Street  Brentwood CA 94513,,,False,tested,Brentwood,Contra Costa County,37.938588,-121.69961699999999,
West Contra Costa Unified,Lincoln Elementary,29 Sixth Street Richmond CA 94801-3595,,,False,tested,Richmond,Contra Costa County,37.932034,-122.363975,
San Ramon Valley Unified,Live Oak Elementary,5151 Sherwood Way San Ramon CA 94582-5961,7.45,ppb,True,tested,,Contra Costa County,37.754670000000004,-121.89502900000001,9.0
Antioch Unified,Live Oak High (Continuation),1708 F Street Antioch CA 94509-2225,,,False,tested,Antioch,Contra Costa County,38.005974,-121.81263899999999,
Mt. Diablo Unified,Loma Vista Adult Center,1266 San Carlos Avenue Concord CA 94518-1102,,,False,tested,Concord,Contra Costa County,37.969190000000005,-122.025979,
Brentwood Union Elementary,Loma Vista Elementary,2110 San Jose Avenue Brentwood CA 94513-5930,,,False,tested,Brentwood,Contra Costa County,37.939933,-121.737721,
Antioch Unified,Lone Tree Elementary,1931 Mokelumne Drive Antioch CA 94531-9129,,,False,tested,Antioch,Contra Costa County,37.964801,-121.788211,
San Ramon Valley Unified,Los Cerros Middle,968 Blemer Road Danville CA 94526-1502,,,False,tested,,Contra Costa County,37.837749,-121.98131799999999,
Pittsburg Unified,Los Medanos Elementary,610 Crowley Avenue Pittsburg CA 94565-4798,,,False,tested,,Contra Costa County,38.01552,-121.898808,
Moraga Elementary,Los Perales Elementary,22 Wakefield Drive Moraga CA 94556-1216,,,False,tested,,Contra Costa County,37.847609999999996,-122.138177,
West Contra Costa Unified,Lovonya DeJean Middle,3400 Macdonald Avenue Richmond CA 94805-4501,,,False,tested,Richmond,Contra Costa County,37.934207,-122.33741,
West Contra Costa Unified,Lupine Hills Elementary,1919 Lupine Road Hercules CA 94547-1299,,,False,tested,,Contra Costa County,38.006909,-122.25384,
Lafayette Elementary,M. H. Stanley Middle,3455 School Street Lafayette CA 94549-4573,,,,not tested,,Contra Costa County,37.887646000000004,-122.11565,
West Contra Costa Unified,Madera Elementary,8500 Madera Drive El Cerrito CA 94530-2051,,,False,tested,,Contra Costa County,37.928088,-122.29914299999999,
Contra Costa County Office of Education,Making Waves Academy,4123 Lakeside Drive Richmond CA 94806-1942,,,False,tested,Richmond,Contra Costa County,37.986568,-122.332862,
West Contra Costa Unified,Manzanita Middle,3200 Barrett Ave Richmond CA 94804-1718,,,False,tested,Richmond,Contra Costa County,37.937038,-122.337925,
Pittsburg Unified,Marina Vista Elementary,50 East Eighth Street Pittsburg CA 94565-2442,,,False,tested,Pittsburg,Contra Costa County,38.029196999999996,-121.885819,
Brentwood Union Elementary,Marsh Creek Elementary,601 Grant Street Brentwood CA 94513-2259,,,False,tested,Brentwood,Contra Costa County,37.952756,-121.70728899999999,
Antioch Unified,Marsh Elementary,2304 G Street Antioch CA 94509-3500,,,False,tested,Antioch,Contra Costa County,38.000357,-121.815173,
Pittsburg Unified,Martin Luther King Jr. Junior High,2012 Carion Court Pittsburg CA 94565-4116,,,False,tested,Pittsburg,Contra Costa County,38.015113,-121.87077,
West Contra Costa Unified,"Martin Luther King, Jr. Elementary",4022 Florida Ave Richmond CA 94804-3398,,,False,tested,Richmond,Contra Costa County,37.929387,-122.331668,
Martinez Unified,Martinez Early Intervention Preschool Program (MEIPP),921 Susana Street Martinez CA 94553-1848,,,,not tested,Martinez,Contra Costa County,38.014593,-122.132626,
Martinez Unified,Martinez Junior High,1600 Court Street Martinez CA 94553-1846,,,False,tested,Martinez,Contra Costa County,38.017419,-122.13333600000001,
Brentwood Union Elementary,Mary Casey Black Elementary,480 Farmington Drive Brentwood CA 94513-5548,,,False,tested,Brentwood,Contra Costa County,37.94914,-121.687629,
Mt. Diablo Unified,Meadow Homes Elementary,1371 Detroit Avenue Concord CA 94520-3521,,,False,tested,Concord,Contra Costa County,37.965447,-122.03858100000001,
Private,"Meher Schools, The",999 Leland Drive Lafayette CA 94549,,,False,tested,,Contra Costa County,37.892590000000006,-122.087571,
West Contra Costa Unified,Middle College High,2600 Mission Bell Drive San Pablo CA 94806-3195,,,False,tested,,Contra Costa County,37.969471999999996,-122.339782,
West Contra Costa Unified,Mira Vista Elementary,6397 Hazel Avenue Richmond CA 94805-2099,,,False,tested,Richmond,Contra Costa County,37.939293,-122.31531899999999,
Acalanes Union High,Miramonte High,750 Moraga Way Orinda CA 94563-4330,,,False,tested,,Contra Costa County,37.842597999999995,-122.14506599999999,
Antioch Unified,Mission Elementary,1711 Mission Drive Antioch CA 94509-4543,,,False,tested,Antioch,Contra Costa County,37.997043,-121.83125,
San Ramon Valley Unified,Montair Elementary,300 Quinterra Lane Danville CA 94526-3239,,,False,tested,Danville,Contra Costa County,37.819188,-122.004907,
West Contra Costa Unified,Montalvin Manor Elementary,300 Christine Drive San Pablo CA 94806-1199,,,False,tested,San Pablo,Contra Costa County,37.995018,-122.33617,
Mt. Diablo Unified,Monte Gardens Elementary,3841 Larkspur Drive Concord CA 94519-1152,,,False,tested,Concord,Contra Costa County,37.98917,-122.00423899999998,
San Ramon Valley Unified,Monte Vista High,3131 Stone Valley Road Danville CA 94526-1129,11.0,ppb,True,tested,,Contra Costa County,37.842615,-121.982307,11.0
San Ramon Valley Unified,Montevideo Elementary,13000 Broadmoor Drive San Ramon CA 94583-2555,11.3,ppb,True,tested,,Contra Costa County,37.754667,-121.95076100000001,53.0
Martinez Unified,Morello Park Elementary,1200 Morello Park Drive Martinez CA 94553-3524,,,False,tested,Martinez,Contra Costa County,38.000686,-122.1006,
Mt. Diablo Unified,Mountain View Elementary,1705 Thornwood Drive Concord CA 94521-1999,,,False,tested,Concord,Contra Costa County,37.969308000000005,-121.979022,
Mt. Diablo Unified,Mt. Diablo Elementary,5880 Mount Zion Drive Clayton CA 94517-1114,,,False,tested,,Contra Costa County,37.942609999999995,-121.94013400000001,
Mt. Diablo Unified,Mt. Diablo High,2455 Grant Street Concord CA 94520-2252,,,False,tested,Concord,Contra Costa County,37.983224,-122.037232,
Antioch Unified,Muir (John) Elementary,615 Greystone Drive Antioch CA 94509-6990,,,False,tested,Antioch,Contra Costa County,37.976385,-121.796095,
West Contra Costa Unified,Murphy Elementary,4350 Valley View Road El Sobrante CA 94803-1499,,,False,tested,Richmond,Contra Costa County,37.977259000000004,-122.291798,
Walnut Creek Elementary,Murwood Elementary,2050 Vanderslice Avenue Walnut Creek CA 94596-5923,,,False,tested,,Contra Costa County,37.882798,-122.046501,
San Ramon Valley Unified,Neil A. Armstrong Elementary,2849 Calais Drive San Ramon CA 94583-3116,,,False,tested,,Contra Costa County,37.740867,-121.947779,
Mt. Diablo Unified,Northgate High,425 Castle Rock Road Walnut Creek CA 94598-4599,5.5,ppb,True,tested,,Contra Costa County,37.908348,-122.00705900000001,5.5
West Contra Costa Unified,Nutrition Center,750 Bissell Ave Richmond CA 94801,,,False,tested,Richmond,Contra Costa County,37.933986,-122.362315,
West Contra Costa Unified,Nystrom Elementary,230 Harbour Way South Richmond CA 94804-2428,,,False,tested,Richmond,Contra Costa County,37.934618,-122.359893,
Oakley Union Elementary,O'Hara Park Middle,1100 O'Hara Avenue Oakley CA 94561-3502,,,,not tested,,Contra Costa County,37.987895,-121.714105,
Mt. Diablo Unified,Oak Grove Middle,2050 Minert Road Concord CA 94518-3428,,,False,tested,,Contra Costa County,37.939844,-122.034798,
Oakley Union Elementary,Oakley Elementary,501 Norcross Lane Oakley CA 94561-2189,,,,not tested,,Contra Costa County,37.994983000000005,-121.716284,
West Contra Costa Unified,Ohlone Elementary,1616 Pheasant Drive Hercules CA 94547-1699,,,False,tested,,Contra Costa County,38.007471,-122.27228899999999,
Knightsen Elementary,Old River Elementary School,30 Learning Lane Brentwood CA 94513,,,,not tested,Brentwood,Contra Costa County,37.935671,-121.62050500000001,
West Contra Costa Unified,Olinda Elementary,5855 Olinda Road El Sobrante CA 94803-3589,,,False,tested,,Contra Costa County,37.957231,-122.27196,
Mt. Diablo Unified,Olympic Continuation High,2730 Salvio Street Concord CA 94519-2599,,,False,tested,Concord,Contra Costa County,37.980743,-122.02778500000001,
Antioch Unified,Orchard Park,5150 Live Oak Avenue Oakley CA 94561-4127,,,,not tested,,Contra Costa County,38.00288,-121.741477,
Orinda Union Elementary,Orinda Intermediate,80 Ivy Drive Orinda CA 94563-4244,,,False,tested,,Contra Costa County,37.851294,-122.14548799999999,
Private,Palmer School For Boys and Girls,2740 Jones Road Walnut Creek CA 94597,,,False,tested,,Contra Costa County,37.919587,-122.061608,
Antioch Unified,Park Middle,1 Spartan Way Antioch CA 94509-4882,,,False,tested,Antioch,Contra Costa County,37.993586,-121.814852,
Pittsburg Unified,Parkside Elementary,985 West 17th Street Pittsburg CA 94565-3716,6.7,ppb,True,tested,,Contra Costa County,38.022733,-121.898544,6.7
West Contra Costa Unified,Peres Elementary,719 Fifth Street Richmond CA 94801-2655,,,False,tested,Richmond,Contra Costa County,37.942731,-122.36451000000001,
Mt. Diablo Unified,Pine Hollow Middle,5522 Pine Hollow Road Concord CA 94521-4799,,,False,tested,,Contra Costa County,37.941161,-121.952087,
San Ramon Valley Unified,Pine Valley Middle,3000 Pine Valley Road San Ramon CA 94583-3324,,,False,tested,,Contra Costa County,37.737881,-121.942621,
West Contra Costa Unified,Pinole Middle,1575 Mann Drive Pinole CA 94564-4042,,,False,tested,,Contra Costa County,37.997539,-122.30280400000001,
West Contra Costa Unified,Pinole Valley High,2900 Pinole Valley Road Pinole CA 94564-1499,,,False,tested,,Contra Costa County,37.990756,-122.28719199999999,
Brentwood Union Elementary,Pioneer Elementary,2010 Shady Willow Lane Brentwood CA 94513-5309,,,False,tested,Brentwood,Contra Costa County,37.954513,-121.736856,
Pittsburg Unified,Pittsburg Adult Education Center,20 East 10th Street Pittsburg CA 94565-2599,7.7,ppb,True,tested,,Contra Costa County,38.028085,-121.886147,7.7
Pittsburg Unified,Pittsburg Senior High,1750 Harbor Street Pittsburg CA 94565-4615,,,False,tested,,Contra Costa County,38.019479,-121.88143600000001,
Mt. Diablo Unified,Pleasant Hill Education Center,1 Santa Barbara Rd B Pleasant Hill CA 94523-4417,,,,not tested,Pleasant Hill,Contra Costa County,37.937207,-122.066126,
Mt. Diablo Unified,Pleasant Hill Elementary,2097 Oak Park Boulevard Pleasant Hill CA 94523-4033,,,,not tested,,Contra Costa County,37.933544,-122.081776,
Mt. Diablo Unified,Pleasant Hill Middle,1 Santa Barbara Rd C Pleasant Hill CA 94503-4215,,,False,tested,Pleasant Hill,Contra Costa County,37.937207,-122.066126,
Mt. Diablo Unified,Prospect High (Continuation),One Santa Barbara Road Pleasant Hill CA 94523-4417,,,,not tested,,Contra Costa County,37.935363,-122.070434,
Antioch Unified,Prospects High (Alternative),820 West Second Street Antioch CA 94509-1145,,,,not tested,Antioch,Contra Costa County,38.017093,-121.81667,
San Ramon Valley Unified,Quail Run Elementary,4000 Goldenbay Avenue San Ramon CA 94582-5814,,,False,tested,,Contra Costa County,37.761633,-121.91447600000001,
Private,Queen of All Saints Elementary,2391 Grant Street Concord CA 94520,,,False,tested,Concord,Contra Costa County,37.982525,-122.03680200000001,
Brentwood Union Elementary,R. Paul Krey Elementary,190 Crawford Drive Brentwood CA 94513-5628,,,False,tested,Brentwood,Contra Costa County,37.91837,-121.738353,
Pittsburg Unified,Rancho Medanos Junior High,2301 Range Road Pittsburg CA 94565-5495,,,False,tested,,Contra Costa County,38.024525,-121.91811899999999,
San Ramon Valley Unified,Rancho Romero Elementary,180 Hemme Avenue Alamo CA 94507-2144,,,False,tested,,Contra Costa County,37.839907000000004,-122.02797199999999,
West Contra Costa Unified,Richmond Charter Academy,1450 Marina Way South Richmond CA 94804-1718,,,,not tested,Richmond,Contra Costa County,37.935794,-122.356205,
West Contra Costa Unified,Richmond Charter Elementary-Benito Juarez,777 Sonoma Street Richmond CA 94805-1534,,,False,tested,Richmond,Contra Costa County,37.945284,-122.320734,
West Contra Costa Unified,Richmond College Preparatory,214 South 11th Street Richmond CA 94804-2474,,,False,tested,Richmond,Contra Costa County,37.928509000000005,-122.358566,
West Contra Costa Unified,Richmond High,1250 23rd Street Richmond CA 94804-1091,,,False,tested,Richmond,Contra Costa County,37.931419,-122.34773700000001,
Mt. Diablo Unified,Rio Vista Elementary,611 Pacifica Avenue Bay Point CA 94565-1359,,,False,tested,,Contra Costa County,38.032075,-121.961473,
West Contra Costa Unified,Riverside Elementary,1300 Amador Street Richmond CA 94806-4098,,,False,tested,,Contra Costa County,37.951613,-122.32692800000001,
Mt. Diablo Unified,Riverview Middle,205 Pacifica Avenue Bay Point CA 94565-2995,,,False,tested,,Contra Costa County,38.032075,-121.961473,
John Swett Unified,Rodeo Hills Elementary,545 Garretson Street Rodeo CA 94572-1418,,,False,tested,Rodeo,Contra Costa County,38.030959,-122.269471,
Brentwood Union Elementary,Ron Nunn Elementary,1755 Central Boulevard Brentwood CA 94513-1734,,,False,tested,Brentwood,Contra Costa County,37.930287,-121.728606,
Private,Saint Agnes,3886 Chestnut Avenue Concord CA 94519,,,False,tested,Concord,Contra Costa County,37.971734999999995,-122.003775,
Private,Salesian College Preparatory,2851 Salesian Avenue Richmond CA 94804,7.45,ppb,True,tested,,Contra Costa County,37.95282,-122.339321,9.8
San Ramon Valley Unified,San Ramon Valley High,501 Danville Boulevard Danville CA 94526-2404,11.0,ppb,True,tested,,Contra Costa County,37.825825,-122.006628,11.0
Private,"Seneca Family of Agencies, Olivera School",2351 Olivera Road Concord CA 94520,,,False,tested,Concord,Contra Costa County,37.996371,-122.036166,
Mt. Diablo Unified,Sequoia Elementary,277 Boyd Road Pleasant Hill CA 94523-3796,,,False,tested,,Contra Costa County,37.943562,-122.066553,
Mt. Diablo Unified,Sequoia Middle,265 Boyd Road Pleasant Hill CA 94523-3297,,,False,tested,,Contra Costa County,37.943564,-122.065933,
San Ramon Valley Unified,Service Center,3280 East Crow Canyon Rd San Ramon CA 94583,,,False,tested,,Contra Costa County,37.78033,-121.967474,
Private,"Seven Hills, The",975 North San Carlos Drive Walnut Creek CA 94598,,,False,tested,,Contra Costa County,37.91834,-122.04018,
Mt. Diablo Unified,Shadelands Special Education,1860 Silverwood Dr Concord CA 94519-1351,,,False,tested,Concord,Contra Costa County,37.985679,-122.00290700000001,
West Contra Costa Unified,Shannon Elementary,685 Marlesta Road Pinole CA 94564-2899,,,False,tested,,Contra Costa County,38.000639,-122.31068,
West Contra Costa Unified,Sheldon Elementary,2601 May Road Richmond CA 94803-3196,,,False,tested,Richmond,Contra Costa County,37.96756,-122.296109,
Mt. Diablo Unified,Shore Acres Elementary,351 Marina Road Bay Point CA 94565-1399,,,False,tested,Bay Point,Contra Costa County,38.035684,-121.969751,
Mt. Diablo Unified,Silverwood Elementary,1649 Claycord Avenue Concord CA 94521-2299,,,False,tested,Concord,Contra Costa County,37.96314,-121.971185,
Orinda Union Elementary,Sleepy Hollow Elementary,20 Washington Lane Orinda CA 94563-1325,,,False,tested,,Contra Costa County,37.90786,-122.19745400000001,
Private,Spectrum Center -Delta Campus,135 East Leland Road Pittsburg CA 94565,,,False,tested,,Contra Costa County,38.01193,-121.890371,
Private,"Spectrum Center, Inc.-Valley Campus",1026 Oak Grove Road Suite 11 Concord CA 94518,5.5,ppb,True,tested,Concord,Contra Costa County,37.950703000000004,-122.035881,5.5
Private,"Spectrum Center, Inc.–Tara Hills",16330 San Pablo Avenue San Pablo CA 94806,,,False,tested,,Contra Costa County,37.953943,-122.33400900000001,
Lafayette Elementary,Springhill Elementary,"3301 Springhill Rd., Lafayette, CA",,,,exempt,,Contra Costa County,37.90752,-122.10186599999999,
Lafayette Elementary,Springhill Elementary,"3301 Springhill Rd., Lafayette, CA",,,,exempt,,Contra Costa County,37.90752,-122.10186599999999,
Lafayette Elementary,Springhill Elementary,"3301 Springhill Rd., Lafayette, CA",,,,exempt,,Contra Costa County,37.90752,-122.10186599999999,
Lafayette Elementary,Springhill Elementary,3301 Springhill Road Lafayette CA 94549-2519,,,,not tested,,Contra Costa County,37.90752,-122.10186599999999,
Lafayette Elementary,Springhill Elementary,"3301 Springhill Rd., Lafayette, CA",,,,exempt,,Contra Costa County,37.90752,-122.10186599999999,
Private,St. Cornelius Elementary,201 28th Street Richmond CA 94804,12.0,ppb,True,tested,Richmond,Contra Costa County,37.934326,-122.341946,12.0
Private,St. David's Elementary,871 Sonoma Street Richmond CA 94805,,,False,tested,Richmond,Contra Costa County,37.947348999999996,-122.32174499999999,
Private,St. Isidore School,435 La Gonda Way Danville CA 94526,5.2,ppb,True,tested,,Contra Costa County,37.826669,-122.002781,5.2
Private,St. John the Baptist,11156 San Pablo Avenue El Cerrito CA 94530,5.8,ppb,True,tested,,Contra Costa County,37.91892,-122.31369099999999,6.0
Private,St. Joseph Elementary,1961 Plum Street Pinole CA 94564,8.0,ppb,True,tested,,Contra Costa County,38.003815,-122.290834,8.1
Private,St. Mary of the Immaculate Conception,1158 Bont Lane Walnut Creek CA 94596,5.3,ppb,True,tested,,Contra Costa County,37.895662,-122.067939,5.3
Private,St. Patrick School,907 Seventh Street Rodeo CA 94572,,,False,tested,,Contra Costa County,38.028907000000004,-122.26305500000001,
Private,St. Paul School,1825 Church Lane San Pablo CA 94806,6.1,ppb,True,tested,,Contra Costa County,37.956210999999996,-122.34273400000001,6.1
Private,St. Perpetua,3445 Hamlin Road Lafayette CA 94549,,,False,tested,,Contra Costa County,37.881858,-122.11303999999998,
Lafayette Elementary,Stanley Middle,"3455 School St., Lafayette, CA",,,,exempt,,Contra Costa County,37.887646000000004,-122.11565,
West Contra Costa Unified,Stege Elementary,4949 Cypress Avenue Richmond CA 94804-4499,10.0,ppb,True,tested,Richmond,Contra Costa County,37.919872,-122.323048,10.0
West Contra Costa Unified,Stewart Elementary,2040 Hoke Drive Pinole CA 94564-1899,,,False,tested,,Contra Costa County,37.991035,-122.289018,
San Ramon Valley Unified,Stone Valley Middle,3001 Miranda Avenue Alamo CA 94507-1646,,,False,tested,,Contra Costa County,37.858525,-122.02053400000001,
Pittsburg Unified,Stoneman Elementary,2929 Loveridge Road Pittsburg CA 94565-5132,,,False,tested,,Contra Costa County,38.006842999999996,-121.8713,
Mt. Diablo Unified,Strandwood Elementary,416 Gladys Drive Pleasant Hill CA 94523-2749,,,False,tested,,Contra Costa County,37.950323,-122.075565,
Mt. Diablo Unified,Summit High (Continuation),4200 Concord Boulevard Concord CA 94521-1059,,,,not tested,Concord,Contra Costa County,37.977160999999995,-121.99117,
Contra Costa County Office of Education,Summit Public School K2,1800 Elm Street El Cerrito CA 94530-1925,,,False,tested,,Contra Costa County,37.925914,-122.313378,
West Contra Costa Unified,Summit Public School Tamalpais,3020 Hilltop Mall Rd Richmond CA 94806-1920,,,False,tested,Richmond,Contra Costa County,37.978124,-122.327402,
Mt. Diablo Unified,Sun Terrace Elementary,2448 Floyd Lane Concord CA 94520-1499,,,False,tested,Concord,Contra Costa County,37.999990999999994,-122.02986100000001,
Mt. Diablo Unified,Sunrise (Special Education),1861 Silverwood Drive Concord CA 94519-1352,,,False,tested,Concord,Contra Costa County,37.985569,-122.00306200000001,
Antioch Unified,Sutter Elementary,3410 Longview Road Antioch CA 94509-6006,,,False,tested,Antioch,Contra Costa County,37.985572,-121.812091,
San Ramon Valley Unified,Sycamore Valley Elementary,2200 Holbrook Drive Danville CA 94506-4413,,,False,tested,,Contra Costa County,37.806889,-121.94463400000001,
West Contra Costa Unified,Tara Hills Elementary,2300 Dolan Way San Pablo CA 94806-1699,,,False,tested,San Pablo,Contra Costa County,37.994053,-122.313099,
San Ramon Valley Unified,Tassajara Hills Elementary,4675 Camino Tassajara Road Danville CA 94506-5901,9.1,ppb,True,tested,,Contra Costa County,37.809672,-121.95325,9.1
Private,The Saklan School,1678 School Street Moraga CA 94556,,,False,tested,,Contra Costa County,37.833125,-122.132655,
Walnut Creek Elementary,Tice Creek,1847 Newell Avenue Walnut Creek CA 94595-1452,,,False,tested,,Contra Costa County,37.893229,-122.056959,
Byron Union Elementary,Timber Point Elementary,40 Newbury Lane Discovery Bay CA 94505-1828,,,,not tested,,Contra Costa County,37.908853,-121.617675,
West Contra Costa Unified,Transition Program at Vista High,2625 Barnard Rd San Pablo CA 94806,,,,not tested,San Pablo,Contra Costa County,37.968545,-122.324831,
Antioch Unified,Turner Elementary,4207 Delta Fair Boulevard Antioch CA 94509-3944,,,False,tested,Antioch,Contra Costa County,38.003566,-121.849845,
San Ramon Valley Unified,Twin Creeks Elementary,2785 Marsh Drive San Ramon CA 94583-2049,,,False,tested,,Contra Costa County,37.766876,-121.986567,
Mt. Diablo Unified,Valhalla Elementary,530 Kiki Drive Pleasant Hill CA 94523-1717,12.0,ppb,True,tested,,Contra Costa County,37.966669,-122.081298,12.0
Mt. Diablo Unified,Valle Verde Elementary,3275 Peachwillow Lane Walnut Creek CA 94598-1711,,,False,tested,,Contra Costa County,37.934243,-122.01481799999999,
West Contra Costa Unified,Valley View Elementary,3416 Maywood Drive Richmond CA 94803-2099,,,False,tested,Richmond,Contra Costa County,37.972379,-122.28498300000001,
Mt. Diablo Unified,Valley View Middle,181 Viking Drive Pleasant Hill CA 94523-1808,,,False,tested,,Contra Costa County,37.966721,-122.06641,
San Ramon Valley Unified,Venture (Alternative),10540 Albion Road San Ramon CA 94582-2901,,,False,tested,,Contra Costa County,37.7676,-121.902708,
West Contra Costa Unified,Verde Elementary,2000 Giaramita Street Richmond CA 94801-1699,,,False,tested,,Contra Costa County,37.960338,-122.363211,
Martinez Unified,Vicente Martinez High,614 F Street Martinez CA 94553-3212,,,,not tested,Martinez,Contra Costa County,38.000811999999996,-122.130703,
Oakley Union Elementary,Vintage Parkway Elementary,1000 Vintage Parkway Oakley CA 94561-3161,,,,not tested,,Contra Costa County,38.004461,-121.719848,
San Ramon Valley Unified,Vista Grande Elementary,667 Diablo Road Danville CA 94526-2801,,,False,tested,,Contra Costa County,37.825192,-121.98721100000002,
West Contra Costa Unified,Vista High (Alternative),2625 Barnard Road San Pablo CA 94806-2703,12.0,ppb,True,tested,San Pablo,Contra Costa County,37.968545,-122.324831,12.0
Orinda Union Elementary,Wagner Ranch Elementary,350 Camino Pablo Orinda CA 94563-1602,,,False,tested,,Contra Costa County,37.897771999999996,-122.20679299999999,
Mt. Diablo Unified,Walnut Acres Elementary,180 Cerezo Drive Walnut Creek CA 94598-3799,,,False,tested,,Contra Costa County,37.917637,-122.01963700000002,
Walnut Creek Elementary,Walnut Creek Intermediate,2425 Walnut Boulevard Walnut Creek CA 94597-3836,,,False,tested,,Contra Costa County,37.911232,-122.05906200000001,
Walnut Creek Elementary,Walnut Heights Elementary,4064 Walnut Boulevard Walnut Creek CA 94596-5463,,,False,tested,,Contra Costa County,37.894696,-122.038519,
San Ramon Valley Unified,Walt Disney Elementary,3250 Pine Valley Road San Ramon CA 94583-3651,,,False,tested,,Contra Costa County,37.741437,-121.93521299999999,
West Contra Costa Unified,Washington Elementary,565 Wine Street Richmond CA 94801-4054,,,False,tested,Richmond,Contra Costa County,37.924323,-122.380779,
West Contra Costa Unified,West Contra Costa Adult Education,6028 Ralston Avenue Richmond CA 94805-1202,,,,not tested,Richmond,Contra Costa County,37.947862,-122.321026,
West Contra Costa Unified,West County Mandarin School,800 874 Sonoma Steet Richmond CA 94805,,,False,tested,Richmond,Contra Costa County,37.947944,-122.32185,
Mt. Diablo Unified,Westwood Elementary,1748 West Street Concord CA 94521-1008,,,False,tested,Concord,Contra Costa County,37.975787,-121.992822,
Brentwood Union Elementary,William B. Bristow Middle,855 Minnesota Avenue Brentwood CA 94513-1802,,,False,tested,Brentwood,Contra Costa County,37.937482,-121.714649,
Pittsburg Unified,Willow Cove Elementary,1880 Hanlon Way Pittsburg CA 94565-3835,,,False,tested,,Contra Costa County,38.023022999999995,-121.92719,
John Swett Unified,Willow High,1650 Crockett Boulevard Crockett CA 94525-0916,,,False,tested,,Contra Costa County,38.046695,-122.22015900000001,
West Contra Costa Unified,Wilson Elementary,629 42nd Street Richmond CA 94805-1898,,,False,tested,Richmond,Contra Costa County,37.938287,-122.328846,
San Ramon Valley Unified,Windemere Ranch Middle,11611 East Branch Parkway San Ramon CA 94582-5805,,,False,tested,,Contra Costa County,37.751858,-121.90679499999999,
Mt. Diablo Unified,Woodside Elementary,761 San Simeon Drive Concord CA 94518-2337,,,False,tested,Concord,Contra Costa County,37.941282,-122.017875,
Mt. Diablo Unified,Wren Avenue Elementary,3339 Wren Avenue Concord CA 94519-2328,,,False,tested,Concord,Contra Costa County,37.980303,-122.01617900000001,
Mt. Diablo Unified,Ygnacio Valley Elementary,2217 Chalomar Road Concord CA 94518-2595,,,False,tested,Concord,Contra Costa County,37.949264,-122.02965800000001,
Mt. Diablo Unified,Ygnacio Valley High,755 Oak Grove Rd Concord CA 94518-2899,,,False,tested,Concord,Contra Costa County,37.938303000000005,-122.024823,
Pittsburg Unified,Youth Development Center,1001 Stoneman Ave Pittsburg CA 94565,,,False,tested,,Contra Costa County,38.003890999999996,-121.877803,
